-- phpMyAdmin SQL Dump
-- version 5.2.0
-- https://www.phpmyadmin.net/
--
-- Host: 127.0.0.1
-- Generation Time: Apr 13, 2023 at 07:06 AM
-- Server version: 10.4.27-MariaDB
-- PHP Version: 8.1.12

SET SQL_MODE = "NO_AUTO_VALUE_ON_ZERO";
START TRANSACTION;
SET time_zone = "+00:00";


/*!40101 SET @OLD_CHARACTER_SET_CLIENT=@@CHARACTER_SET_CLIENT */;
/*!40101 SET @OLD_CHARACTER_SET_RESULTS=@@CHARACTER_SET_RESULTS */;
/*!40101 SET @OLD_COLLATION_CONNECTION=@@COLLATION_CONNECTION */;
/*!40101 SET NAMES utf8mb4 */;

--
-- Database: `newmvc-jeel-butani`
--

-- --------------------------------------------------------

--
-- Table structure for table `admin`
--

CREATE TABLE `admin` (
  `admin_id` int(11) NOT NULL,
  `name` varchar(255) NOT NULL,
  `email` varchar(255) NOT NULL,
  `password` varchar(15) NOT NULL,
  `status` tinyint(4) NOT NULL,
  `created_at` datetime NOT NULL,
  `updated_at` datetime NOT NULL
) ENGINE=InnoDB DEFAULT CHARSET=utf8mb4 COLLATE=utf8mb4_general_ci;

--
-- Dumping data for table `admin`
--

INSERT INTO `admin` (`admin_id`, `name`, `email`, `password`, `status`, `created_at`, `updated_at`) VALUES
(1, 'james', 'james@gmail.com', '123', 1, '2023-04-04 09:58:13', '2023-04-04 09:58:13'),
(2, 'Bond', 'Bond@gmail.com', '321', 1, '2023-04-04 09:58:13', '2023-04-05 10:28:43');

-- --------------------------------------------------------

--
-- Table structure for table `category`
--

CREATE TABLE `category` (
  `category_id` int(11) NOT NULL,
  `parent_id` int(11) NOT NULL,
  `path` varchar(100) DEFAULT NULL,
  `name` varchar(255) NOT NULL,
  `status` tinyint(4) NOT NULL,
  `created_at` datetime NOT NULL,
  `updated_at` datetime DEFAULT NULL
) ENGINE=InnoDB DEFAULT CHARSET=utf8mb4 COLLATE=utf8mb4_general_ci;

--
-- Dumping data for table `category`
--

INSERT INTO `category` (`category_id`, `parent_id`, `path`, `name`, `status`, `created_at`, `updated_at`) VALUES
(1, 0, '1', 'Root', 1, '2023-04-02 20:35:05', NULL),
(76, 1, '1/76', 'Bedroom', 2, '2023-04-03 09:41:41', '2023-04-12 14:47:21'),
(77, 1, '1/77', 'Living Room', 1, '2023-04-03 09:42:01', '2023-04-12 14:47:16'),
(83, 77, '1/77/83', 'Chairs', 1, '2023-04-03 13:24:03', '0000-00-00 00:00:00'),
(86, 76, '1/76/86', 'Beds', 1, '2023-04-03 13:32:36', '2023-04-12 14:53:51'),
(87, 86, '1/76/86/87', 'Pannel Beds', 1, '2023-04-03 13:32:46', '2023-04-13 09:50:37'),
(89, 76, '1/76/89', '', 2, '2023-04-12 14:56:14', '2023-04-13 09:50:43');

-- --------------------------------------------------------

--
-- Table structure for table `customer`
--

CREATE TABLE `customer` (
  `customer_id` int(11) NOT NULL,
  `shippinig_address_id` int(11) DEFAULT NULL,
  `billing_address_id` int(11) DEFAULT NULL,
  `first_name` varchar(255) NOT NULL,
  `last_name` varchar(255) NOT NULL,
  `email` varchar(255) NOT NULL,
  `gender` enum('male','female') NOT NULL DEFAULT 'male',
  `mobile` int(11) NOT NULL,
  `status` enum('active','inactive') NOT NULL DEFAULT 'active',
  `created_at` datetime NOT NULL,
  `updated_at` datetime DEFAULT NULL
) ENGINE=InnoDB DEFAULT CHARSET=utf8mb4 COLLATE=utf8mb4_general_ci;

--
-- Dumping data for table `customer`
--

INSERT INTO `customer` (`customer_id`, `shippinig_address_id`, `billing_address_id`, `first_name`, `last_name`, `email`, `gender`, `mobile`, `status`, `created_at`, `updated_at`) VALUES
(1, 10, 50, 'zzzzzzz', 'xyz', 'xyz@gmail.com', 'male', 99999999, 'active', '2023-02-09 09:06:32', '2023-04-11 17:26:25'),
(2, 0, 0, 'abc', 'xyz', 'xyz@gmail.com', 'male', 9090, 'active', '2023-02-09 09:06:32', '2023-03-03 10:57:20'),
(13, 0, 0, 'jeel', 'butani', 'jeel@butani', 'male', 11111111, 'active', '2023-02-23 04:27:34', '2023-03-06 03:33:25'),
(15, 0, 0, 'Manan', 'dharsandaniya', 'manan@gmail.com', 'male', 545, 'active', '2023-02-27 10:08:35', '2023-04-11 17:35:04'),
(20, 30, 20, 'james', 'Bond', 'jamesbond22@gmail.com', 'male', 2147483647, 'active', '2023-04-11 16:48:58', '2023-04-11 17:33:42');

-- --------------------------------------------------------

--
-- Table structure for table `customer_address`
--

CREATE TABLE `customer_address` (
  `address_id` int(11) NOT NULL,
  `customer_id` int(11) NOT NULL,
  `shipping_address_id` int(11) NOT NULL,
  `billing_address_id` int(11) NOT NULL,
  `address` varchar(255) NOT NULL,
  `city` varchar(255) NOT NULL,
  `state` varchar(255) NOT NULL,
  `country` varchar(255) NOT NULL,
  `zip_code` int(11) NOT NULL,
  `created_at` datetime NOT NULL,
  `updated_at` datetime DEFAULT NULL
) ENGINE=InnoDB DEFAULT CHARSET=utf8mb4 COLLATE=utf8mb4_general_ci;

--
-- Dumping data for table `customer_address`
--

INSERT INTO `customer_address` (`address_id`, `customer_id`, `shipping_address_id`, `billing_address_id`, `address`, `city`, `state`, `country`, `zip_code`, `created_at`, `updated_at`) VALUES
(10, 1, 10, 50, '', '', '', 'india', 0, '2023-04-11 13:55:14', NULL),
(11, 15, 0, 0, '', 'NYC', 'DC', 'USA', 0, '2023-04-11 13:56:58', '0000-00-00 00:00:00'),
(12, 13, 0, 0, '', '', '', '', 0, '2023-04-11 13:58:15', NULL),
(15, 20, 30, 20, 'james-bond', 'james', '', '', 0, '2023-04-11 13:59:00', '0000-00-00 00:00:00'),
(16, 2, 0, 0, 'bond-james', '', '', '', 0, '2023-04-11 13:59:29', NULL);

-- --------------------------------------------------------

--
-- Table structure for table `eav_attribute`
--

CREATE TABLE `eav_attribute` (
  `attribute_id` int(11) NOT NULL,
  `entity_type_id` int(11) NOT NULL,
  `code` varchar(50) NOT NULL,
  `backend_type` varchar(50) DEFAULT NULL,
  `name` varchar(255) NOT NULL,
  `status` tinyint(4) NOT NULL,
  `backend_model` varchar(255) NOT NULL,
  `input_type` varchar(255) NOT NULL
) ENGINE=InnoDB DEFAULT CHARSET=utf8mb4 COLLATE=utf8mb4_general_ci;

--
-- Dumping data for table `eav_attribute`
--

INSERT INTO `eav_attribute` (`attribute_id`, `entity_type_id`, `code`, `backend_type`, `name`, `status`, `backend_model`, `input_type`) VALUES
(1, 1, 'color', 'int', 'Color', 1, '', 'select'),
(2, 1, 'style', 'int', 'Style', 1, '', 'select'),
(4, 1, 'short_desc', 'int', 'Short Description', 1, '', 'select');

-- --------------------------------------------------------

--
-- Table structure for table `eav_attribute_option`
--

CREATE TABLE `eav_attribute_option` (
  `option_id` int(11) NOT NULL,
  `name` varchar(255) NOT NULL,
  `attribute_id` int(11) NOT NULL,
  `position` int(11) NOT NULL
) ENGINE=InnoDB DEFAULT CHARSET=utf8mb4 COLLATE=utf8mb4_general_ci;

--
-- Dumping data for table `eav_attribute_option`
--

INSERT INTO `eav_attribute_option` (`option_id`, `name`, `attribute_id`, `position`) VALUES
(1, 'blue', 1, 1),
(2, 'Green', 1, 1),
(3, 'traditional', 2, 2);

-- --------------------------------------------------------

--
-- Table structure for table `entity_type`
--

CREATE TABLE `entity_type` (
  `entity_type_id` int(11) NOT NULL,
  `name` varchar(255) NOT NULL,
  `entity_model` varchar(255) NOT NULL
) ENGINE=InnoDB DEFAULT CHARSET=utf8mb4 COLLATE=utf8mb4_general_ci;

-- --------------------------------------------------------

--
-- Table structure for table `payment`
--

CREATE TABLE `payment` (
  `payment_id` int(11) NOT NULL,
  `name` varchar(255) NOT NULL,
  `status` enum('active','inactive') NOT NULL DEFAULT 'active',
  `created_at` datetime NOT NULL,
  `updated_at` datetime DEFAULT NULL
) ENGINE=InnoDB DEFAULT CHARSET=utf8mb4 COLLATE=utf8mb4_general_ci;

--
-- Dumping data for table `payment`
--

INSERT INTO `payment` (`payment_id`, `name`, `status`, `created_at`, `updated_at`) VALUES
(2, 'redmi', 'active', '2023-02-09 19:17:44', '2023-02-17 11:58:00'),
(3, 'asus', 'active', '2023-02-09 19:17:44', '2023-03-03 11:02:57'),
(13, 'UPI', 'active', '2023-03-03 10:56:49', NULL);

-- --------------------------------------------------------

--
-- Table structure for table `payment_method`
--

CREATE TABLE `payment_method` (
  `payment_method_id` int(11) NOT NULL,
  `name` varchar(255) NOT NULL,
  `status` enum('active','inactive') NOT NULL,
  `created_at` datetime NOT NULL,
  `updated_at` timestamp NOT NULL DEFAULT current_timestamp() ON UPDATE current_timestamp()
) ENGINE=InnoDB DEFAULT CHARSET=utf8mb4 COLLATE=utf8mb4_general_ci;

--
-- Dumping data for table `payment_method`
--

INSERT INTO `payment_method` (`payment_method_id`, `name`, `status`, `created_at`, `updated_at`) VALUES
(0, 'Bond', 'inactive', '2023-03-29 10:11:53', '2023-03-29 08:12:00'),
(1, 'james', 'active', '2023-03-29 10:10:27', '2023-04-13 04:20:18'),
(2, 'Bond', 'inactive', '2023-03-29 10:13:32', '2023-03-29 08:13:50'),
(3, 'Bond', 'inactive', '2023-03-29 10:13:32', '2023-03-29 08:14:25'),
(4, 'Bond', 'inactive', '2023-03-29 10:13:32', '2023-03-29 08:14:25'),
(5, 'Bond', 'inactive', '2023-03-29 10:13:32', '2023-03-29 08:14:26'),
(6, 'Bond', 'inactive', '2023-03-29 10:13:32', '2023-03-29 08:14:26');

-- --------------------------------------------------------

--
-- Table structure for table `product`
--

CREATE TABLE `product` (
  `product_id` int(11) NOT NULL,
  `name` varchar(255) NOT NULL,
  `sku` varchar(50) NOT NULL,
  `cost` decimal(10,2) NOT NULL,
  `price` decimal(10,2) NOT NULL,
  `quantity` int(5) DEFAULT 100,
  `status` tinyint(4) NOT NULL,
  `created_at` datetime NOT NULL,
  `updated_at` datetime DEFAULT NULL
) ENGINE=InnoDB DEFAULT CHARSET=utf8mb4 COLLATE=utf8mb4_general_ci;

--
-- Dumping data for table `product`
--

INSERT INTO `product` (`product_id`, `name`, `sku`, `cost`, `price`, `quantity`, `status`, `created_at`, `updated_at`) VALUES
(247, 'james', '5', '699.00', '699.00', 100, 1, '2023-04-11 07:41:38', '2023-04-11 11:25:26'),
(248, 'james-bond', '123', '120.00', '140.00', 3, 2, '2023-04-05 17:25:29', '2023-04-05 17:25:41'),
(249, 'jeel', 'butani', '0.00', '0.00', 0, 2, '2023-04-05 15:17:40', '2023-04-05 17:19:17'),
(250, 'Bond', '799', '799.00', '799.00', 50, 1, '2023-04-11 07:42:19', '2023-04-11 11:25:35');

-- --------------------------------------------------------

--
-- Table structure for table `product_int`
--

CREATE TABLE `product_int` (
  `value_id` int(11) NOT NULL,
  `entity_id` int(11) NOT NULL,
  `attribute_id` int(11) NOT NULL,
  `value` int(11) NOT NULL
) ENGINE=InnoDB DEFAULT CHARSET=utf8mb4 COLLATE=utf8mb4_general_ci;

-- --------------------------------------------------------

--
-- Table structure for table `product_media`
--

CREATE TABLE `product_media` (
  `media_id` int(11) NOT NULL,
  `product_id` int(11) NOT NULL,
  `name` varchar(255) NOT NULL,
  `status` tinyint(4) NOT NULL,
  `base` int(11) NOT NULL,
  `small` int(11) NOT NULL,
  `thumbnail` int(11) NOT NULL,
  `gallery` int(11) NOT NULL,
  `created_at` datetime DEFAULT NULL
) ENGINE=InnoDB DEFAULT CHARSET=utf8mb4 COLLATE=utf8mb4_general_ci;

--
-- Dumping data for table `product_media`
--

INSERT INTO `product_media` (`media_id`, `product_id`, `name`, `status`, `base`, `small`, `thumbnail`, `gallery`, `created_at`) VALUES
(251, 250, 'pic1', 1, 0, 0, 0, 0, '2023-04-11 13:43:50'),
(252, 250, 'pic2', 1, 0, 0, 0, 0, '2023-04-11 13:46:10'),
(253, 249, 'pic1', 0, 0, 0, 0, 0, NULL),
(255, 248, 'pic4', 0, 0, 0, 0, 0, NULL),
(256, 249, 'pic 3 ', 2, 0, 0, 0, 0, '2023-04-13 10:23:34'),
(257, 249, 'pic 4', 2, 0, 0, 0, 0, '2023-04-13 10:23:49'),
(258, 249, 'pic 4', 2, 0, 0, 0, 0, '2023-04-13 10:24:01');

-- --------------------------------------------------------

--
-- Table structure for table `salesman`
--

CREATE TABLE `salesman` (
  `salesman_id` int(11) NOT NULL,
  `first_name` varchar(255) NOT NULL,
  `last_name` varchar(255) NOT NULL,
  `email` varchar(50) NOT NULL,
  `gender` enum('male','female') NOT NULL DEFAULT 'male',
  `mobile` int(11) NOT NULL,
  `status` enum('active','inactive') NOT NULL DEFAULT 'active',
  `company` varchar(255) NOT NULL,
  `created_at` datetime NOT NULL,
  `updated_at` datetime DEFAULT NULL
) ENGINE=InnoDB DEFAULT CHARSET=utf8mb4 COLLATE=utf8mb4_general_ci;

--
-- Dumping data for table `salesman`
--

INSERT INTO `salesman` (`salesman_id`, `first_name`, `last_name`, `email`, `gender`, `mobile`, `status`, `company`, `created_at`, `updated_at`) VALUES
(14, 'Jay ', 'Manek', 'jay@gmail.com', 'male', 2147483647, 'active', 'abc', '0000-00-00 00:00:00', '2023-04-12 14:46:56'),
(15, 'daksh', 'panara', 'daksh@gmail.com', 'male', 4161141, 'active', 'cybercom', '0000-00-00 00:00:00', '2023-04-12 14:47:01'),
(20, 'x', 'y', 'namo@gmail.com', 'male', 0, 'active', 'xyz', '2023-03-03 11:26:58', '2023-04-12 14:47:46');

-- --------------------------------------------------------

--
-- Table structure for table `salesman_address`
--

CREATE TABLE `salesman_address` (
  `address_id` int(11) NOT NULL,
  `salesman_id` int(11) NOT NULL,
  `address` varchar(100) NOT NULL,
  `city` varchar(100) NOT NULL,
  `state` varchar(100) NOT NULL,
  `country` varchar(100) NOT NULL,
  `zip` bigint(20) NOT NULL
) ENGINE=InnoDB DEFAULT CHARSET=utf8mb4 COLLATE=utf8mb4_general_ci;

--
-- Dumping data for table `salesman_address`
--

INSERT INTO `salesman_address` (`address_id`, `salesman_id`, `address`, `city`, `state`, `country`, `zip`) VALUES
(1, 20, 'amd', 'amd', 'gujarat', 'india', 3100),
(2, 14, 'jnd', 'jnd', 'gujarat', 'india', 362001),
(3, 15, 'surat', 'surat', 'gujarat', 'india', 395006);

-- --------------------------------------------------------

--
-- Table structure for table `salesman_price`
--

CREATE TABLE `salesman_price` (
  `entity_id` int(11) NOT NULL,
  `salesman_id` int(11) NOT NULL,
  `product_id` int(11) NOT NULL,
  `salesman_price` int(11) NOT NULL
) ENGINE=InnoDB DEFAULT CHARSET=latin1 COLLATE=latin1_swedish_ci;

-- --------------------------------------------------------

--
-- Table structure for table `shipping_method`
--

CREATE TABLE `shipping_method` (
  `shipping_method_id` int(11) NOT NULL,
  `name` varchar(255) NOT NULL,
  `amount` decimal(10,0) NOT NULL,
  `status` enum('active','inactive') NOT NULL DEFAULT 'active',
  `created_at` datetime NOT NULL,
  `updated_at` datetime DEFAULT NULL
) ENGINE=InnoDB DEFAULT CHARSET=utf8mb4 COLLATE=utf8mb4_general_ci;

--
-- Dumping data for table `shipping_method`
--

INSERT INTO `shipping_method` (`shipping_method_id`, `name`, `amount`, `status`, `created_at`, `updated_at`) VALUES
(3, 'xyz', '66', 'active', '2023-02-09 19:28:27', '2023-04-12 14:47:55'),
(4, 'xyz', '66', 'active', '2023-02-09 19:28:27', '2023-04-12 14:47:58'),
(5, 'xyz', '77', 'active', '2023-02-09 19:28:27', '2023-03-03 11:02:41'),
(6, 'xyzqqq', '77', 'active', '2023-02-09 19:28:27', '2023-04-13 09:50:11'),
(16, 'mi', '1200', 'active', '2023-02-15 13:18:00', '2023-03-03 13:18:00'),
(17, 'sofa', '2000', 'active', '2023-03-03 12:01:24', '2023-03-03 11:02:30');

-- --------------------------------------------------------

--
-- Table structure for table `vendor`
--

CREATE TABLE `vendor` (
  `vendor_id` int(11) NOT NULL,
  `first_name` varchar(255) NOT NULL,
  `last_name` varchar(255) NOT NULL,
  `email` varchar(50) NOT NULL,
  `mobile` int(11) NOT NULL,
  `gender` enum('male','female') NOT NULL DEFAULT 'male',
  `status` enum('active','inactive') DEFAULT 'active',
  `company` varchar(255) NOT NULL,
  `created_at` datetime NOT NULL,
  `updated_at` datetime DEFAULT NULL
) ENGINE=InnoDB DEFAULT CHARSET=utf8mb4 COLLATE=utf8mb4_general_ci;

--
-- Dumping data for table `vendor`
--

INSERT INTO `vendor` (`vendor_id`, `first_name`, `last_name`, `email`, `mobile`, `gender`, `status`, `company`, `created_at`, `updated_at`) VALUES
(11, 'aaaa', 'bb', 'czccds@gmail.com', 4845521, 'male', 'active', 'abcd', '2023-03-03 09:14:15', '2023-03-03 09:16:36'),
(12, 'Manan', 'Poll', 'manan@gmail.com', 65166815, 'male', 'active', 'jbiuih', '2023-03-03 10:57:55', '2023-03-03 10:58:00');

-- --------------------------------------------------------

--
-- Table structure for table `vendor_address`
--

CREATE TABLE `vendor_address` (
  `address_id` int(11) NOT NULL,
  `vendor_id` int(11) NOT NULL,
  `address` varchar(255) NOT NULL,
  `city` varchar(100) NOT NULL,
  `state` varchar(100) NOT NULL,
  `country` varchar(100) NOT NULL,
  `zip` int(8) NOT NULL
) ENGINE=InnoDB DEFAULT CHARSET=utf8mb4 COLLATE=utf8mb4_general_ci;

--
-- Indexes for dumped tables
--

--
-- Indexes for table `admin`
--
ALTER TABLE `admin`
  ADD PRIMARY KEY (`admin_id`);

--
-- Indexes for table `category`
--
ALTER TABLE `category`
  ADD PRIMARY KEY (`category_id`),
  ADD KEY `parent_id` (`parent_id`);

--
-- Indexes for table `customer`
--
ALTER TABLE `customer`
  ADD PRIMARY KEY (`customer_id`);

--
-- Indexes for table `customer_address`
--
ALTER TABLE `customer_address`
  ADD PRIMARY KEY (`address_id`),
  ADD KEY `customer_id` (`customer_id`);

--
-- Indexes for table `eav_attribute`
--
ALTER TABLE `eav_attribute`
  ADD PRIMARY KEY (`attribute_id`),
  ADD KEY `entity_type_id` (`entity_type_id`);

--
-- Indexes for table `eav_attribute_option`
--
ALTER TABLE `eav_attribute_option`
  ADD PRIMARY KEY (`option_id`),
  ADD KEY `attribute_id` (`attribute_id`);

--
-- Indexes for table `entity_type`
--
ALTER TABLE `entity_type`
  ADD PRIMARY KEY (`entity_type_id`);

--
-- Indexes for table `payment`
--
ALTER TABLE `payment`
  ADD PRIMARY KEY (`payment_id`);

--
-- Indexes for table `payment_method`
--
ALTER TABLE `payment_method`
  ADD PRIMARY KEY (`payment_method_id`);

--
-- Indexes for table `product`
--
ALTER TABLE `product`
  ADD PRIMARY KEY (`product_id`);

--
-- Indexes for table `product_int`
--
ALTER TABLE `product_int`
  ADD PRIMARY KEY (`value_id`),
  ADD KEY `entity_id` (`entity_id`),
  ADD KEY `attribute_id` (`attribute_id`);

--
-- Indexes for table `product_media`
--
ALTER TABLE `product_media`
  ADD PRIMARY KEY (`media_id`),
  ADD KEY `product_id` (`product_id`);

--
-- Indexes for table `salesman`
--
ALTER TABLE `salesman`
  ADD PRIMARY KEY (`salesman_id`);

--
-- Indexes for table `salesman_address`
--
ALTER TABLE `salesman_address`
  ADD PRIMARY KEY (`address_id`),
  ADD KEY `salesman_id` (`salesman_id`);

--
-- Indexes for table `salesman_price`
--
ALTER TABLE `salesman_price`
  ADD PRIMARY KEY (`entity_id`),
  ADD KEY `product_id` (`product_id`),
  ADD KEY `salesman_id` (`salesman_id`);

--
-- Indexes for table `shipping_method`
--
ALTER TABLE `shipping_method`
  ADD PRIMARY KEY (`shipping_method_id`);

--
-- Indexes for table `vendor`
--
ALTER TABLE `vendor`
  ADD PRIMARY KEY (`vendor_id`);

--
-- Indexes for table `vendor_address`
--
ALTER TABLE `vendor_address`
  ADD PRIMARY KEY (`address_id`);

--
-- AUTO_INCREMENT for dumped tables
--

--
-- AUTO_INCREMENT for table `admin`
--
ALTER TABLE `admin`
  MODIFY `admin_id` int(11) NOT NULL AUTO_INCREMENT, AUTO_INCREMENT=3;

--
-- AUTO_INCREMENT for table `category`
--
ALTER TABLE `category`
  MODIFY `category_id` int(11) NOT NULL AUTO_INCREMENT, AUTO_INCREMENT=90;

--
-- AUTO_INCREMENT for table `customer`
--
ALTER TABLE `customer`
  MODIFY `customer_id` int(11) NOT NULL AUTO_INCREMENT, AUTO_INCREMENT=21;

--
-- AUTO_INCREMENT for table `customer_address`
--
ALTER TABLE `customer_address`
  MODIFY `address_id` int(11) NOT NULL AUTO_INCREMENT, AUTO_INCREMENT=17;

--
-- AUTO_INCREMENT for table `eav_attribute`
--
ALTER TABLE `eav_attribute`
  MODIFY `attribute_id` int(11) NOT NULL AUTO_INCREMENT, AUTO_INCREMENT=59;

--
-- AUTO_INCREMENT for table `eav_attribute_option`
--
ALTER TABLE `eav_attribute_option`
  MODIFY `option_id` int(11) NOT NULL AUTO_INCREMENT, AUTO_INCREMENT=4;

--
-- AUTO_INCREMENT for table `entity_type`
--
ALTER TABLE `entity_type`
  MODIFY `entity_type_id` int(11) NOT NULL AUTO_INCREMENT;

--
-- AUTO_INCREMENT for table `payment`
--
ALTER TABLE `payment`
  MODIFY `payment_id` int(11) NOT NULL AUTO_INCREMENT, AUTO_INCREMENT=14;

--
-- AUTO_INCREMENT for table `product`
--
ALTER TABLE `product`
  MODIFY `product_id` int(11) NOT NULL AUTO_INCREMENT, AUTO_INCREMENT=252;

--
-- AUTO_INCREMENT for table `product_int`
--
ALTER TABLE `product_int`
  MODIFY `value_id` int(11) NOT NULL AUTO_INCREMENT;

--
-- AUTO_INCREMENT for table `product_media`
--
ALTER TABLE `product_media`
  MODIFY `media_id` int(11) NOT NULL AUTO_INCREMENT, AUTO_INCREMENT=259;

--
-- AUTO_INCREMENT for table `salesman`
--
ALTER TABLE `salesman`
  MODIFY `salesman_id` int(11) NOT NULL AUTO_INCREMENT, AUTO_INCREMENT=21;

--
-- AUTO_INCREMENT for table `salesman_address`
--
ALTER TABLE `salesman_address`
  MODIFY `address_id` int(11) NOT NULL AUTO_INCREMENT, AUTO_INCREMENT=4;

--
-- AUTO_INCREMENT for table `salesman_price`
--
ALTER TABLE `salesman_price`
  MODIFY `entity_id` int(11) NOT NULL AUTO_INCREMENT, AUTO_INCREMENT=13;

--
-- AUTO_INCREMENT for table `shipping_method`
--
ALTER TABLE `shipping_method`
  MODIFY `shipping_method_id` int(11) NOT NULL AUTO_INCREMENT, AUTO_INCREMENT=18;

--
-- AUTO_INCREMENT for table `vendor`
--
ALTER TABLE `vendor`
  MODIFY `vendor_id` int(11) NOT NULL AUTO_INCREMENT, AUTO_INCREMENT=13;

--
-- AUTO_INCREMENT for table `vendor_address`
--
ALTER TABLE `vendor_address`
  MODIFY `address_id` int(11) NOT NULL AUTO_INCREMENT;

--
-- Constraints for dumped tables
--

--
-- Constraints for table `customer_address`
--
ALTER TABLE `customer_address`
  ADD CONSTRAINT `customer_address_ibfk_1` FOREIGN KEY (`customer_id`) REFERENCES `customer` (`customer_id`) ON DELETE CASCADE ON UPDATE CASCADE;

--
-- Constraints for table `eav_attribute`
--
ALTER TABLE `eav_attribute`
  ADD CONSTRAINT `eav_attribute_ibfk_1` FOREIGN KEY (`entity_type_id`) REFERENCES `james-bond`.`entity_type` (`entity_type_id`) ON DELETE CASCADE ON UPDATE CASCADE;

--
-- Constraints for table `eav_attribute_option`
--
ALTER TABLE `eav_attribute_option`
  ADD CONSTRAINT `eav_attribute_option_ibfk_1` FOREIGN KEY (`attribute_id`) REFERENCES `eav_attribute` (`attribute_id`) ON DELETE CASCADE ON UPDATE CASCADE;

--
-- Constraints for table `product_int`
--
ALTER TABLE `product_int`
  ADD CONSTRAINT `product_int_ibfk_1` FOREIGN KEY (`entity_id`) REFERENCES `product` (`product_id`) ON DELETE CASCADE ON UPDATE CASCADE,
  ADD CONSTRAINT `product_int_ibfk_2` FOREIGN KEY (`attribute_id`) REFERENCES `eav_attribute` (`attribute_id`) ON DELETE CASCADE ON UPDATE CASCADE;

--
-- Constraints for table `product_media`
--
ALTER TABLE `product_media`
  ADD CONSTRAINT `product_media_ibfk_1` FOREIGN KEY (`product_id`) REFERENCES `james-bond`.`product` (`product_id`) ON DELETE CASCADE ON UPDATE CASCADE;

--
-- Constraints for table `salesman_address`
--
ALTER TABLE `salesman_address`
  ADD CONSTRAINT `salesman_address_ibfk_1` FOREIGN KEY (`salesman_id`) REFERENCES `salesman` (`salesman_id`) ON DELETE CASCADE ON UPDATE CASCADE;

--
-- Constraints for table `salesman_price`
--
ALTER TABLE `salesman_price`
  ADD CONSTRAINT `salesman_price_ibfk_1` FOREIGN KEY (`product_id`) REFERENCES `product` (`product_id`) ON DELETE CASCADE ON UPDATE CASCADE,
  ADD CONSTRAINT `salesman_price_ibfk_2` FOREIGN KEY (`salesman_id`) REFERENCES `salesman` (`salesman_id`) ON DELETE CASCADE ON UPDATE CASCADE;
COMMIT;

/*!40101 SET CHARACTER_SET_CLIENT=@OLD_CHARACTER_SET_CLIENT */;
/*!40101 SET CHARACTER_SET_RESULTS=@OLD_CHARACTER_SET_RESULTS */;
/*!40101 SET COLLATION_CONNECTION=@OLD_COLLATION_CONNECTION */;
